Time (IST),Latitude,Longitude,Course,kts,mph,meters,Rate,Reporting Facility,Time Diff,m/s,Dist from lp,tilt
,33.98833585633012,74.77252110663423,136.0,175.0,-6.394884621840902e-14,1663.6364256107863,0.0,,0.0,-2.842170943040401e-14,0.0,0.0
,33.98830696066729,74.77255476056996,136.0,175.0,20.099999999999937,1663.6364256107863,0.0,,1.0,8.933333333333305,4.466666666666638,0.0
,33.98822027367882,74.77265572227415,136.0,175.0,40.19999999999994,1663.6364256107863,0.0,,1.0,17.86666666666664,13.399999999999972,0.0
,33.98807579536469,74.77282399149509,136.0,175.0,60.29999999999994,1663.6364256107863,0.0,,1.0,26.799999999999972,22.333333333333307,0.0
,33.987873525724915,74.77305956784367,136.0,175.0,80.39999999999993,1663.6364256107863,0.0,,1.0,35.733333333333306,31.266666666666637,0.0
,33.98761346475949,74.77336245079358,136.0,175.0,100.49999999999994,1663.6364256107863,0.0,,1.0,44.66666666666664,40.199999999999974,0.0
,33.987295612468415,74.77373263968113,136.0,175.0,120.59999999999995,1663.6364256107863,0.0,,1.0,53.59999999999998,49.13333333333331,0.0
,33.98691996885168,74.77417013370537,136.0,175.0,140.69999999999996,1663.6364256107863,0.0,,1.0,62.53333333333332,58.06666666666665,0.0
,33.9864865339093,74.77467493192809,136.0,175.0,160.79999999999998,1663.6364256107863,0.0,,1.0,71.46666666666665,66.99999999999999,0.0
,33.98599530764127,74.7752470332738,136.0,175.0,180.89999999999998,1663.6364256107863,0.0,,1.0,80.39999999999999,75.93333333333332,0.0
,33.98544629004759,74.77588643652976,136.0,175.0,201.0,1663.6364256107863,0.0,,1.0,89.33333333333333,84.86666666666666,0.0
,33.98487034743527,74.77655719296877,136.0,175.0,201.0,1671.0074996210424,0.0,,1.0,89.33333333333333,89.33333333333333,4.125278196354215
,33.984294942964624,74.77722731813849,136.0,175.0,201.0,1679.322402147318,0.0,,1.0,89.33333333333333,89.33333333333333,4.732971574215566
,33.983720141363754,74.77789673666939,136.0,175.0,201.0,1688.5801978338338,0.0,,1.0,89.33333333333333,89.33333333333333,5.340664952076916
,33.98314600729296,74.778565373273,136.0,175.0,201.0,1698.7798452573536,0.0,,1.0,89.33333333333333,89.33333333333333,5.948358329938267
,33.982572605337424,74.77923315275024,136.0,175.0,201.0,1709.920197044335,0.0,,1.0,89.33333333333333,89.33333333333333,6.556051707799617
Tue 15:36:35,33.982,74.7799,136.0,175.0,201.0,1722.0,0.0, FlightAware ADS-B  (SXR / VISR) ,1.0,89.33333333333333,89.33333333333333,7.163745085660968
Tue 15:36:55,33.9705,74.7937,136.0,176.0,203.0,1966.0,584.0, FlightAware ADS-B  (SXR / VISR) ,20.0,90.22222222222223,1804.4444444444446,7.771438463522318
Tue 15:37:11,33.9604,74.8052,138.0,195.0,224.0,2073.0,350.0, FlightAware ADS-B  (SXR / VISR) ,16.0,99.55555555555556,1592.888888888889,3.8516612032853907
Tue 15:37:29,33.9445,74.8124,174.0,213.0,245.0,2164.0,309.0, FlightAware ADS-B  (SXR / VISR) ,18.0,108.88888888888889,1960.0,2.6611178326087948
Tue 15:37:48,33.9255,74.8036,218.0,239.0,275.0,2263.0,353.0, FlightAware ADS-B  (SXR / VISR) ,19.0,122.22222222222223,2322.222222222222,2.443350040845
Tue 15:38:04,33.9161,74.7864,249.0,257.0,296.0,2370.0,572.0, FlightAware ADS-B  (SXR / VISR) ,16.0,131.55555555555554,2104.8888888888887,2.9138316434446763
Tue 15:38:24,33.9168,74.7581,287.0,264.0,304.0,2606.0,800.0, FlightAware ADS-B  (SXR / VISR) ,20.0,135.11111111111111,2702.222222222222,5.010340268902441
Tue 15:38:44,33.9317,74.7343,316.0,262.0,302.0,2903.0,871.0, FlightAware ADS-B  (SXR / VISR) ,20.0,134.22222222222223,2684.4444444444443,6.35206117189458
Tue 15:39:27,33.9729,74.6946,338.0,271.0,312.0,3520.0,863.0, FlightAware ADS-B  (SXR / VISR) ,43.0,138.66666666666666,5962.666666666666,5.9394381297935865
Tue 15:39:47,33.9983,74.6946,16.0,279.0,321.0,3810.0,869.0, FlightAware ADS-B  (SXR / VISR) ,20.0,142.66666666666666,2853.333333333333,5.833358434873024
Tue 15:40:07,34.0194,74.7125,51.0,286.0,329.0,4100.0,880.0, FlightAware ADS-B  (SXR / VISR) ,20.0,146.22222222222223,2924.4444444444443,5.691039625292634
Tue 15:40:27,34.0284,74.7408,84.0,285.0,328.0,4397.0,754.0, FlightAware ADS-B  (SXR / VISR) ,20.0,145.77777777777777,2915.5555555555557,5.846712575203054
Tue 15:40:47,34.0221,74.7729,116.0,297.0,342.0,4602.0,640.0, FlightAware ADS-B  (SXR / VISR) ,20.0,152.0,3040.0,3.8666299438014597
Tue 15:41:12,33.9958,74.7985,158.0,301.0,346.0,4877.0,668.0, FlightAware ADS-B  (SXR / VISR) ,25.0,153.77777777777777,3844.4444444444443,4.101973022897308
Tue 15:41:50,33.9439,74.8181,169.0,312.0,359.0,5304.0,694.0, FlightAware ADS-B  (SXR / VISR) ,38.0,159.55555555555554,6063.11111111111,4.038449325838006
Tue 15:42:10,33.916,74.8202,181.0,314.0,361.0,5547.0,646.0, FlightAware ADS-B  (OPLH) ,20.0,160.44444444444446,3208.888888888889,4.343003569978891
Tue 15:42:41,33.8702,74.813,190.0,324.0,373.0,5852.0,647.0, FlightAware ADS-B  (OPQS) ,31.0,165.77777777777777,5139.111111111111,3.4024342786853476
Tue 15:43:15,33.818,74.8025,188.0,329.0,379.0,6248.0,562.0, FlightAware ADS-B  (SXR / VISR) ,34.0,168.44444444444446,5727.111111111111,3.964869325203568
Tue 15:43:55,33.7571,74.8133,168.0,349.0,402.0,6546.0,418.0, FlightAware ADS-B  (SXR / VISR) ,40.0,178.66666666666666,7146.666666666666,2.389798598141584
Tue 15:44:25,33.7087,74.8255,168.0,367.0,422.0,6736.0,412.0, FlightAware ADS-B  (OPQS) ,30.0,187.55555555555554,5626.666666666666,1.9351187245757424
Tue 15:44:56,33.6565,74.8382,169.0,379.0,436.0,6965.0,450.0, FlightAware ADS-B  (LUH / VILD) ,31.0,193.77777777777777,6007.111111111111,2.1847296132362395
Tue 15:45:26,33.6052,74.8506,169.0,389.0,448.0,7193.0,472.0, FlightAware ADS-B  (OPQS) ,30.0,199.11111111111111,5973.333333333333,2.187490827782351
Tue 15:45:56,33.5491,74.8642,169.0,398.0,458.0,7437.0,457.0, FlightAware ADS-B  (LUH / VILD) ,30.0,203.55555555555554,6106.666666666666,2.2899387750357083
Tue 15:46:26,33.4959,74.877,169.0,407.0,468.0,7650.0,442.0, FlightAware ADS-B  (SXR / VISR) ,30.0,208.0,6240.0,1.956149397398561
Tue 15:46:56,33.4399,74.8906,169.0,413.0,475.0,7879.0,475.0, FlightAware ADS-B  (OPQS) ,30.0,211.11111111111111,6333.333333333333,2.0721464502824603
Tue 15:47:16,33.4005,74.9009,165.0,420.0,483.0,8047.0,457.0, FlightAware ADS-B  (LUH / VILD) ,20.0,214.66666666666666,4293.333333333333,2.242581315397877
Tue 15:48:02,33.3214,74.9455,151.0,429.0,494.0,8382.0,457.0, FlightAware ADS-B  (OPLH) ,46.0,219.55555555555554,10099.555555555555,1.9008368674850182
Tue 15:48:32,33.2688,74.9806,151.0,433.0,498.0,8626.0,472.0, FlightAware ADS-B  (OPLH) ,30.0,221.33333333333334,6640.0,2.1059214529718893
Tue 15:49:02,33.2158,75.0161,151.0,437.0,503.0,8854.0,465.0, FlightAware ADS-B  (OPLH) ,30.0,223.55555555555554,6706.666666666666,1.9482040763792483
Tue 15:49:32,33.1621,75.0519,151.0,441.0,507.0,9091.0,457.0, FlightAware ADS-B  (OPLH) ,30.0,225.33333333333334,6760.0,2.009154299698349
Tue 15:50:02,33.1086,75.0876,151.0,444.0,511.0,9312.0,442.0, FlightAware ADS-B  (OPLH) ,30.0,227.11111111111111,6813.333333333333,1.858794820831491
Tue 15:50:32,33.0547,75.1235,151.0,445.0,512.0,9533.0,420.0, FlightAware ADS-B  (OPLH) ,30.0,227.55555555555554,6826.666666666666,1.8551630917207511
Tue 15:51:03,32.9988,75.1606,151.0,447.0,514.0,9738.0,325.0, FlightAware ADS-B  (AIP / VIAX) ,31.0,228.44444444444446,7081.777777777778,1.6588032246204008
Tue 15:51:34,32.9414,75.1987,151.0,455.0,524.0,9868.0,225.0, FlightAware ADS-B  (AIP / VIAX) ,31.0,232.88888888888889,7219.555555555556,1.0317607298233147
Tue 15:52:04,32.8882,75.234,151.0,463.0,533.0,9967.0,206.0, FlightAware ADS-B  (OPQS) ,30.0,236.88888888888889,7106.666666666667,0.7981893502872985
Tue 15:52:34,32.8296,75.2729,151.0,469.0,540.0,10074.0,244.0, FlightAware ADS-B  (OPQS) ,30.0,240.0,7200.0,0.8515102905500792
Tue 15:53:04,32.773,75.3102,151.0,473.0,544.0,10211.0,285.0, FlightAware ADS-B  (OPQS) ,30.0,241.77777777777777,7253.333333333333,1.082259456305844
Tue 15:53:35,32.7143,75.349,151.0,475.0,547.0,10363.0,302.0, FlightAware ADS-B  (AIP / VIAX) ,31.0,243.11111111111111,7536.444444444444,1.1556575636272648
Tue 15:54:06,32.6536,75.389,151.0,476.0,548.0,10523.0,285.0, FlightAware ADS-B  (LHE / OPLA) ,31.0,243.55555555555554,7550.222222222222,1.2142703525228025
Tue 15:54:36,32.5958,75.4271,151.0,477.0,549.0,10653.0,138.0, FlightAware ADS-B  (LHE / OPLA) ,30.0,244.0,7320.0,1.017601493868084
Tue 15:55:09,32.5302,75.4701,151.0,481.0,554.0,10668.0,15.0, FlightAware ADS-B  (LUH / VILD) ,33.0,246.22222222222223,8125.333333333334,0.10577254441142762
Tue 15:55:39,32.4715,75.5088,151.0,479.0,551.0,10668.0,0.0, FlightAware ADS-B  (LUH / VILD) ,30.0,244.88888888888889,7346.666666666667,0.0
Tue 15:56:09,32.4128,75.5472,151.0,480.0,552.0,10668.0,0.0, FlightAware ADS-B  (LUH / VILD) ,30.0,245.33333333333334,7360.0,0.0
Tue 15:56:40,32.3543,75.5854,151.0,479.0,551.0,10668.0,0.0, FlightAware ADS-B  (LUH / VILD) ,31.0,244.88888888888889,7591.555555555556,0.0
Tue 15:57:10,32.2959,75.6235,151.0,479.0,551.0,10668.0,0.0, FlightAware ADS-B  (LUH / VILD) ,30.0,244.88888888888889,7346.666666666667,0.0
Tue 15:57:41,32.2372,75.6618,151.0,479.0,551.0,10668.0,0.0, FlightAware ADS-B  (DHM / VIGG) ,31.0,244.88888888888889,7591.555555555556,0.0
Tue 15:58:14,32.1733,75.7034,151.0,480.0,552.0,10668.0,0.0, FlightAware ADS-B  (OPLH) ,33.0,245.33333333333334,8096.0,0.0
Tue 15:58:44,32.1149,75.7413,151.0,480.0,552.0,10668.0,8.0, FlightAware ADS-B  (OPLH) ,30.0,245.33333333333334,7360.0,0.0
Tue 15:59:14,32.0564,75.7793,151.0,479.0,551.0,10676.0,8.0, FlightAware ADS-B  (OPLH) ,30.0,244.88888888888889,7346.666666666667,0.062391060801808694
Tue 15:59:44,31.9978,75.8173,151.0,479.0,551.0,10676.0,0.0, FlightAware ADS-B  (OPLH) ,30.0,244.88888888888889,7346.666666666667,0.0
Tue 16:00:14,31.9391,75.8553,151.0,476.0,548.0,10676.0,-7.0, FlightAware ADS-B  (OPLH) ,30.0,243.55555555555554,7306.666666666666,0.0
Tue 16:00:46,31.8776,75.8974,148.0,476.0,548.0,10668.0,-15.0, FlightAware ADS-B  (AIP / VIAX) ,32.0,243.55555555555554,7793.777777777777,-0.05881182780220554
Tue 16:01:16,31.8225,75.9381,148.0,474.0,545.0,10660.0,-8.0, FlightAware ADS-B  (LHE / OPLA) ,30.0,242.22222222222223,7266.666666666667,-0.06307793514167268
Tue 16:01:46,31.7656,75.98,148.0,474.0,545.0,10660.0,0.0, FlightAware ADS-B  (IXC / VICG) ,30.0,242.22222222222223,7266.666666666667,0.0
Tue 16:02:16,31.7099,76.021,148.0,474.0,545.0,10660.0,0.0, FlightAware ADS-B  (IXC / VICG) ,30.0,242.22222222222223,7266.666666666667,0.0
Tue 16:02:46,31.6542,76.0618,148.0,475.0,547.0,10660.0,8.0, FlightAware ADS-B  (IXC / VICG) ,30.0,243.11111111111111,7293.333333333333,0.0
Tue 16:03:16,31.5978,76.1032,148.0,475.0,547.0,10668.0,8.0, FlightAware ADS-B  (IXC / VICG) ,30.0,243.11111111111111,7293.333333333333,0.06284730274501459
Tue 16:03:46,31.5419,76.1441,148.0,475.0,547.0,10668.0,8.0, FlightAware ADS-B  (IXC / VICG) ,30.0,243.11111111111111,7293.333333333333,0.0
Tue 16:04:16,31.4876,76.1838,148.0,475.0,547.0,10676.0,8.0, FlightAware ADS-B  (IXC / VICG) ,30.0,243.11111111111111,7293.333333333333,0.06284730274501459
Tue 16:04:46,31.4309,76.2252,148.0,473.0,544.0,10676.0,-8.0, FlightAware ADS-B  (VIDD) ,30.0,241.77777777777777,7253.333333333333,0.0
Tue 16:05:17,31.3751,76.2659,148.0,473.0,544.0,10668.0,0.0, FlightAware ADS-B  (LUH / VILD) ,31.0,241.77777777777777,7495.111111111111,-0.06115537399551652
Tue 16:05:47,31.3189,76.3068,148.0,473.0,544.0,10676.0,8.0, FlightAware ADS-B  (LUH / VILD) ,30.0,241.77777777777777,7253.333333333333,0.06319388727530484
Tue 16:06:17,31.2635,76.3471,148.0,472.0,543.0,10676.0,-8.0, FlightAware ADS-B  (LUH / VILD) ,30.0,241.33333333333334,7240.0,0.0
Tue 16:06:47,31.2079,76.3876,148.0,472.0,543.0,10668.0,-8.0, FlightAware ADS-B  (LHE / OPLA) ,30.0,241.33333333333334,7240.0,-0.06331026648887914
Tue 16:07:17,31.1503,76.4293,148.0,471.0,542.0,10668.0,-8.0, FlightAware ADS-B  (IXC / VICG) ,30.0,240.88888888888889,7226.666666666667,0.0
Tue 16:07:47,31.0958,76.4688,148.0,470.0,541.0,10660.0,0.0, FlightAware ADS-B  (AIP / VIAX) ,30.0,240.44444444444446,7213.333333333334,-0.06354431562898441
Tue 16:08:17,31.0408,76.5086,148.0,471.0,542.0,10668.0,8.0, FlightAware ADS-B  (AIP / VIAX) ,30.0,240.88888888888889,7226.666666666667,0.0634270751463086
Tue 16:08:47,30.9845,76.5493,148.0,471.0,542.0,10668.0,0.0, FlightAware ADS-B  (AIP / VIAX) ,30.0,240.88888888888889,7226.666666666667,0.0
Tue 16:09:17,30.93,76.5886,148.0,471.0,542.0,10668.0,8.0, FlightAware ADS-B  (AIP / VIAX) ,30.0,240.88888888888889,7226.666666666667,0.0
Tue 16:09:48,30.8744,76.6286,148.0,471.0,542.0,10676.0,8.0, FlightAware ADS-B  (LUH / VILD) ,31.0,240.88888888888889,7467.555555555556,0.06138103966838829
Tue 16:10:18,30.8178,76.6694,148.0,470.0,541.0,10676.0,-8.0, FlightAware ADS-B  (LUH / VILD) ,30.0,240.44444444444446,7213.333333333334,0.0
Tue 16:10:48,30.7608,76.7109,146.0,470.0,541.0,10668.0,-8.0, FlightAware ADS-B  (IXC / VICG) ,30.0,240.44444444444446,7213.333333333334,-0.06354431562898441
Tue 16:11:18,30.7099,76.7532,146.0,471.0,542.0,10668.0,-8.0, FlightAware ADS-B  (VIDD) ,30.0,240.88888888888889,7226.666666666667,0.0
Tue 16:11:44,30.6617,76.7854,154.0,471.0,542.0,10660.0,0.0, FlightAware ADS-B  (DEL / VIDP) ,26.0,240.88888888888889,6263.111111111111,-0.07318509166037876
Tue 16:12:15,30.5947,76.8128,163.0,469.0,540.0,10668.0,-87.0, FlightAware ADS-B  (VIDD) ,31.0,240.0,7440.0,0.06160837693979968
Tue 16:12:47,30.5275,76.8364,163.0,464.0,534.0,10569.0,-302.0, FlightAware ADS-B  (AIP / VIAX) ,32.0,237.33333333333334,7594.666666666667,-0.7468981951683558
Tue 16:13:17,30.4715,76.856,163.0,453.0,521.0,10356.0,-390.0, FlightAware ADS-B  (LUH / VILD) ,30.0,231.55555555555554,6946.666666666666,-1.7570893691867449
Tue 16:13:48,30.4063,76.8785,163.0,434.0,499.0,10173.0,-330.0, FlightAware ADS-B  (DEL / VIDP) ,31.0,221.77777777777777,6875.111111111111,-1.5252649743946571
Tue 16:14:18,30.3484,76.8986,163.0,423.0,487.0,10020.0,-297.0, FlightAware ADS-B  (AIP / VIAX) ,30.0,216.44444444444446,6493.333333333334,-1.3501641122029853
Tue 16:14:48,30.2958,76.9167,163.0,411.0,473.0,9876.0,-330.0, FlightAware ADS-B  (VIDD) ,30.0,210.22222222222223,6306.666666666667,-1.3083471436028264
Tue 16:15:19,30.2397,76.9361,163.0,408.0,470.0,9685.0,-427.0, FlightAware ADS-B  (LUH / VILD) ,31.0,208.88888888888889,6475.555555555556,-1.6902150243616816
Tue 16:15:49,30.1841,76.9552,163.0,411.0,473.0,9441.0,-495.0, FlightAware ADS-B  (VIDD) ,30.0,210.22222222222223,6306.666666666667,-2.2172822835890527
Tue 16:16:19,30.1285,76.9744,163.0,405.0,466.0,9190.0,-486.0, FlightAware ADS-B  (DEL / VIDP) ,30.0,207.11111111111111,6213.333333333333,-2.31520735496513
Tue 16:16:52,30.0697,76.9946,163.0,398.0,458.0,8931.0,-450.0, FlightAware ADS-B  (HSS / VIHR) ,33.0,203.55555555555554,6717.333333333333,-2.209699218040531
Tue 16:17:22,30.0179,77.0123,163.0,392.0,451.0,8717.0,-442.0, FlightAware ADS-B  (HSS / VIHR) ,30.0,200.44444444444446,6013.333333333334,-2.0394489576087933
Tue 16:17:53,29.9649,77.0305,163.0,387.0,445.0,8481.0,-465.0, FlightAware ADS-B  (IXC / VICG) ,31.0,197.77777777777777,6131.111111111111,-2.2059860023939866
Tue 16:18:23,29.9142,77.0479,163.0,383.0,441.0,8245.0,-472.0, FlightAware ADS-B  (IXC / VICG) ,30.0,196.0,5880.0,-2.3002443851632255
Tue 16:18:55,29.8601,77.0663,163.0,376.0,433.0,7993.0,-443.0, FlightAware ADS-B  (VIDX) ,32.0,192.44444444444446,6158.222222222223,-2.345249742357843
Tue 16:19:25,29.8107,77.0833,163.0,367.0,422.0,7788.0,-434.0, FlightAware ADS-B  (VIDX) ,30.0,187.55555555555554,5626.666666666666,-2.087956439696854
Tue 16:19:55,29.7607,77.1003,163.0,361.0,415.0,7559.0,-389.0, FlightAware ADS-B  (VIDD) ,30.0,184.44444444444446,5533.333333333334,-2.37189431016722
Tue 16:20:25,29.7156,77.1157,163.0,349.0,402.0,7399.0,-337.0, FlightAware ADS-B  (LHE / OPLA) ,30.0,178.66666666666666,5360.0,-1.710575880311153
Tue 16:20:56,29.6667,77.1323,164.0,337.0,388.0,7216.0,-405.0, FlightAware ADS-B  (IXC / VICG) ,31.0,172.44444444444446,5345.777777777778,-1.9617681541803453
Tue 16:21:26,29.6225,77.1473,163.0,333.0,383.0,6988.0,-464.0, FlightAware ADS-B  (VIDX) ,30.0,170.22222222222223,5106.666666666667,-2.558965092389712
Tue 16:22:00,29.5728,77.1642,163.0,330.0,380.0,6721.0,-436.0, FlightAware ADS-B  (IXC / VICG) ,34.0,168.88888888888889,5742.222222222222,-2.6650816294308557
Tue 16:22:31,29.5291,77.1791,164.0,323.0,372.0,6515.0,-465.0, FlightAware ADS-B  (DEL / VIDP) ,31.0,165.33333333333334,5125.333333333334,-2.3034815378177638
Tue 16:23:01,29.4837,77.1944,164.0,323.0,372.0,6248.0,-472.0, FlightAware ADS-B  (VIDD) ,30.0,165.33333333333334,4960.0,-3.085760289257982
Tue 16:23:31,29.4429,77.2083,163.0,319.0,367.0,6043.0,-430.0, FlightAware ADS-B  (IXC / VICG) ,30.0,163.11111111111111,4893.333333333333,-2.4010367740160463
Tue 16:23:51,29.4149,77.2161,174.0,313.0,360.0,5890.0,-444.0, FlightAware ADS-B  (VIDD) ,20.0,160.0,3200.0,-2.7404992813528377
Tue 16:24:07,29.3923,77.2104,206.0,302.0,348.0,5776.0,-222.0, FlightAware ADS-B  (VIDX) ,16.0,154.66666666666666,2474.6666666666665,-2.6403682472120873
Tue 16:24:26,29.3738,77.1896,238.0,300.0,345.0,5761.0,-117.0, FlightAware ADS-B  (VIDX) ,19.0,153.33333333333334,2913.3333333333335,-0.2950024565056656
Tue 16:24:46,29.367,77.1589,272.0,290.0,334.0,5700.0,-173.0, FlightAware ADS-B  (VIDX) ,20.0,148.44444444444446,2968.888888888889,-1.1773052599910137
Tue 16:25:03,29.3724,77.137,296.0,282.0,325.0,5654.0,-131.0, FlightAware ADS-B  (VIDD) ,17.0,144.44444444444446,2455.5555555555557,-1.073386438613631
Tue 16:25:21,29.3892,77.1161,325.0,279.0,321.0,5624.0,-108.0, FlightAware ADS-B  (VIDD) ,18.0,142.66666666666666,2568.0,-0.6693584442929843
Tue 16:25:37,29.4088,77.1071,343.0,277.0,319.0,5593.0,-126.0, FlightAware ADS-B  (VIDX) ,16.0,141.77777777777777,2268.4444444444443,-0.783014306562604
Tue 16:26:12,29.4503,77.0926,343.0,278.0,320.0,5517.0,-152.0, FlightAware ADS-B  (IXC / VICG) ,35.0,142.22222222222223,4977.777777777778,-0.8748177664976157
Tue 16:26:43,29.4892,77.0792,343.0,277.0,319.0,5425.0,-155.0, FlightAware ADS-B  (VIDX) ,31.0,141.77777777777777,4395.111111111111,-1.199422858653593
Tue 16:27:14,29.5281,77.0658,343.0,277.0,319.0,5357.0,-150.0, FlightAware ADS-B  (VIDX) ,31.0,141.77777777777777,4395.111111111111,-0.8865005601829127
Tue 16:27:44,29.5658,77.053,343.0,276.0,318.0,5273.0,-155.0, FlightAware ADS-B  (VIDX) ,30.0,141.33333333333334,4240.0,-1.13517933154363
Tue 16:28:16,29.6033,77.0407,344.0,273.0,314.0,5197.0,-112.0, FlightAware ADS-B  (VIDX) ,32.0,139.55555555555554,4465.777777777777,-0.9751245314790641
Tue 16:28:33,29.6253,77.0369,1.0,275.0,316.0,5182.0,-25.0, FlightAware ADS-B  (DEL / VIDP) ,17.0,140.44444444444446,2387.5555555555557,-0.35996747575883414
Tue 16:28:52,29.6478,77.0467,34.0,287.0,330.0,5182.0,0.0, FlightAware ADS-B  (VIDX) ,19.0,146.66666666666666,2786.6666666666665,0.0
Tue 16:29:11,29.6636,77.0708,67.0,297.0,342.0,5182.0,0.0, FlightAware ADS-B  (VIDX) ,19.0,152.0,2888.0,0.0
Tue 16:29:32,29.6657,77.1029,101.0,305.0,351.0,5182.0,0.0, FlightAware ADS-B  (VIDX) ,21.0,156.0,3276.0,0.0
Tue 16:29:49,29.6544,77.1286,128.0,306.0,352.0,5182.0,0.0, FlightAware ADS-B  (DEL / VIDP) ,17.0,156.44444444444446,2659.5555555555557,0.0
Tue 16:30:08,29.6336,77.1453,155.0,302.0,348.0,5182.0,0.0, FlightAware ADS-B  (VIDX) ,19.0,154.66666666666666,2938.6666666666665,0.0
Tue 16:30:38,29.5934,77.1605,164.0,299.0,344.0,5182.0,0.0, FlightAware ADS-B  (VIDX) ,30.0,152.88888888888889,4586.666666666667,0.0
Tue 16:31:09,29.5516,77.1729,167.0,300.0,345.0,5182.0,0.0, FlightAware ADS-B  (VIDX) ,31.0,153.33333333333334,4753.333333333334,0.0
Tue 16:31:40,29.511,77.1851,164.0,301.0,346.0,5182.0,0.0, FlightAware ADS-B  (VIDD) ,31.0,153.77777777777777,4767.111111111111,0.0
Tue 16:32:10,29.4719,77.1984,163.0,299.0,344.0,5182.0,-80.0, FlightAware ADS-B  (LUH / VILD) ,30.0,152.88888888888889,4586.666666666667,0.0
Tue 16:32:43,29.4262,77.2141,164.0,294.0,338.0,5098.0,-143.0, FlightAware ADS-B  (VIDX) ,33.0,150.22222222222223,4957.333333333334,-0.9709001786513037
Tue 16:33:14,29.388,77.2269,163.0,294.0,338.0,5029.0,-145.0, FlightAware ADS-B  (VIDX) ,31.0,150.22222222222223,4656.888888888889,-0.8489688175612671
Tue 16:33:46,29.3469,77.2409,164.0,292.0,336.0,4945.0,-160.0, FlightAware ADS-B  (VIDX) ,32.0,149.33333333333334,4778.666666666667,-1.007204248215586
Tue 16:34:17,29.3041,77.2554,164.0,291.0,335.0,4862.0,-150.0, FlightAware ADS-B  (DEL / VIDP) ,31.0,148.88888888888889,4615.555555555556,-1.030386480026022
Tue 16:34:47,29.2652,77.2685,164.0,288.0,331.0,4793.0,-142.0, FlightAware ADS-B  (DEL / VIDP) ,30.0,147.11111111111111,4413.333333333333,-0.8958239871284401
Tue 16:35:18,29.2266,77.2816,163.0,285.0,328.0,4717.0,-161.0, FlightAware ADS-B  (DEL / VIDP) ,31.0,145.77777777777777,4519.111111111111,-0.9636152824975686
Tue 16:35:55,29.179,77.2977,164.0,287.0,330.0,4610.0,-273.0, FlightAware ADS-B  (VIDX) ,37.0,146.66666666666666,5426.666666666666,-1.1297995799575047
Tue 16:36:25,29.1412,77.3104,164.0,286.0,329.0,4412.0,-335.0, FlightAware ADS-B  (VIDX) ,30.0,146.22222222222223,4386.666666666667,-2.587025831452466
Tue 16:36:55,29.103,77.3233,164.0,283.0,326.0,4275.0,-142.0, FlightAware ADS-B  (VIDX) ,30.0,144.88888888888889,4346.666666666667,-1.8061707070532609
Tue 16:37:26,29.0638,77.3365,164.0,287.0,330.0,4267.0,-8.0, FlightAware ADS-B  (DEL / VIDP) ,31.0,146.66666666666666,4546.666666666666,-0.1008137403118856
Tue 16:37:56,29.027,77.3488,164.0,285.0,328.0,4267.0,-7.0, FlightAware ADS-B  (VIDX) ,30.0,145.77777777777777,4373.333333333333,0.0
Tue 16:38:30,28.9824,77.3638,164.0,285.0,328.0,4260.0,-150.0, FlightAware ADS-B  (DEL / VIDP) ,34.0,145.77777777777777,4956.444444444444,-0.08091901249299129
Tue 16:39:00,28.9452,77.3762,163.0,283.0,326.0,4107.0,-282.0, FlightAware ADS-B  (DEL / VIDP) ,30.0,144.88888888888889,4346.666666666667,-2.017192983676687
Tue 16:39:30,28.9085,77.3886,164.0,283.0,326.0,3978.0,-288.0, FlightAware ADS-B  (DEL / VIDP) ,30.0,144.88888888888889,4346.666666666667,-1.7006689377396098
Tue 16:40:02,28.8672,77.4024,164.0,284.0,327.0,3810.0,-310.0, FlightAware ADS-B  (DEL / VIDP) ,32.0,145.33333333333334,4650.666666666667,-2.0701947394814693
Tue 16:40:32,28.8288,77.4152,164.0,277.0,319.0,3658.0,-297.0, FlightAware ADS-B  (DEL / VIDP) ,30.0,141.77777777777777,4253.333333333333,-2.047996849982033
Tue 16:41:02,28.7926,77.4274,164.0,271.0,312.0,3513.0,-312.0, FlightAware ADS-B  (DEL / VIDP) ,30.0,138.66666666666666,4160.0,-1.9974930751833628
Tue 16:41:32,28.7568,77.4391,164.0,266.0,306.0,3345.0,-282.0, FlightAware ADS-B  (DEL / VIDP) ,30.0,136.0,4080.0,-2.359905171139414
Tue 16:42:02,28.7227,77.4502,164.0,249.0,287.0,3231.0,-224.0, FlightAware ADS-B  (DEL / VIDP) ,30.0,127.55555555555556,3826.6666666666665,-1.707147752822015
Tue 16:42:19,28.7039,77.4573,155.0,241.0,277.0,3170.0,-253.0, FlightAware ADS-B  (DEL / VIDP) ,17.0,123.11111111111111,2092.888888888889,-1.6701974014893741
Tue 16:42:40,28.6881,77.4759,124.0,234.0,269.0,3071.0,-301.0, FlightAware ADS-B  (VIDD) ,21.0,119.55555555555556,2510.6666666666665,-2.2598591896001117
Tue 16:43:06,28.6736,77.503,121.0,236.0,272.0,2934.0,-257.0, FlightAware ADS-B  (DEL / VIDP) ,26.0,120.88888888888889,3143.111111111111,-2.498164761664951
Tue 16:43:37,28.656,77.5358,121.0,245.0,282.0,2827.0,-225.0, FlightAware ADS-B  (VIDD) ,31.0,125.33333333333333,3885.333333333333,-1.578094614546412
Tue 16:44:05,28.6388,77.5675,124.0,236.0,272.0,2713.0,-229.0, FlightAware ADS-B  (DEL / VIDP) ,28.0,120.88888888888889,3384.8888888888887,-1.9300350797346413
Tue 16:44:23,28.6244,77.58,156.0,226.0,260.0,2652.0,-229.0, FlightAware ADS-B  (DEL / VIDP) ,18.0,115.55555555555556,2080.0,-1.6805498751204624
Tue 16:44:39,28.6093,77.582,185.0,215.0,247.0,2583.0,-291.0, FlightAware ADS-B  (DEL / VIDP) ,16.0,109.77777777777777,1756.4444444444443,-2.251381385353516
Tue 16:44:56,28.5941,77.5731,226.0,199.0,229.0,2492.0,-290.0, FlightAware ADS-B  (DEL / VIDP) ,17.0,101.77777777777777,1730.2222222222222,-3.014828170372952
Tue 16:45:20,28.5822,77.5542,237.0,197.0,227.0,2385.0,-297.0, FlightAware ADS-B  (VIDX) ,24.0,100.88888888888889,2421.333333333333,-2.5327555704593308
Tue 16:45:36,28.5738,77.5393,237.0,196.0,226.0,2294.0,-314.0, FlightAware ADS-B  (DEL / VIDP) ,16.0,100.44444444444444,1607.111111111111,-3.246014586281132
Tue 16:45:55,28.5646,77.522,246.0,194.0,223.0,2202.0,-286.0, FlightAware ADS-B  (VIDX) ,19.0,99.11111111111111,1883.111111111111,-2.8003185074523445
Tue 16:46:16,28.5615,77.5014,268.0,194.0,223.0,2103.0,-287.0, FlightAware ADS-B  (VIDD) ,21.0,99.11111111111111,2081.3333333333335,-2.726340455572505
Tue 16:46:46,28.5616,77.4712,272.0,193.0,222.0,1958.0,-297.0, FlightAware ADS-B  (DEL / VIDP) ,30.0,98.66666666666667,2960.0,-2.8078426787021025
Tue 16:47:16,28.5624,77.4408,272.0,189.0,217.0,1806.0,-290.0, FlightAware ADS-B  (DEL / VIDP) ,30.0,96.44444444444444,2893.3333333333335,-3.011394959585583
Tue 16:47:46,28.5631,77.4108,272.0,188.0,216.0,1669.0,-278.0, FlightAware ADS-B  (DEL / VIDP) ,30.0,96.0,2880.0,-2.726557359818044
Tue 16:48:02,28.5634,77.3964,272.0,190.0,219.0,1593.0,-282.0, FlightAware ADS-B  (VIDX) ,16.0,97.33333333333333,1557.3333333333333,-2.7972235767503033
Tue 16:48:33,28.5642,77.365,272.0,186.0,214.0,1448.0,-270.0, FlightAware ADS-B  (DEL / VIDP) ,31.0,95.11111111111111,2948.4444444444443,-2.8188560571617285
Tue 16:49:03,28.565,77.3354,272.0,182.0,209.0,1318.0,-258.0, FlightAware ADS-B  (VIDX) ,30.0,92.88888888888889,2786.6666666666665,-2.673859683126988
Tue 16:49:19,28.5653,77.3213,271.0,177.0,204.0,1250.0,-229.0, FlightAware ADS-B  (DEL / VIDP) ,16.0,90.66666666666667,1450.6666666666667,-2.6867241856915958
Tue 16:49:49,28.566,77.2934,272.0,164.0,189.0,1143.0,-201.0, FlightAware ADS-B  (DEL / VIDP) ,30.0,84.0,2520.0,-2.4335285872154135
Tue 16:50:00,28.5662,77.2845,272.0,164.0,189.0,1113.0,-229.0, Surface and Near-Surface ,11.0,84.0,924.0,-1.8605795647082228
Tue 16:51:11,28.5676,77.2237,272.0,157.0,181.0,831.0,-242.0, FlightAware ADS-B  (VIDD) ,71.0,80.44444444444444,5711.555555555556,-2.8300489248241543
Tue 16:51:27,28.5679,77.2107,272.0,144.0,166.0,762.0,-229.0, FlightAware ADS-B  (VIDX) ,16.0,73.77777777777777,1180.4444444444443,-3.3509950792320775
Tue 16:51:43,28.5682,77.1996,272.0,133.0,153.0,709.0,-222.0, FlightAware ADS-B  (VIDX) ,16.0,68.0,1088.0,-2.7921678248907966
Tue 16:52:00,28.5685,77.1869,271.0,132.0,152.0,640.0,-222.0, FlightAware ADS-B  (DEL / VIDP) ,17.0,67.55555555555556,1148.4444444444446,-3.4444775738860582
Tue 16:52:16,28.5687,77.1764,272.0,133.0,153.0,587.0,-186.0, FlightAware ADS-B  (VIDD) ,16.0,68.0,1088.0,-2.7921678248907966
Tue 16:52:32,28.5689,77.1653,271.0,132.0,152.0,541.0,-192.0, FlightAware ADS-B  (VIDD) ,16.0,67.55555555555556,1080.888888888889,-2.4391055471328302
Tue 16:52:47,28.5692,77.1549,271.0,135.0,155.0,488.0,-213.0, Surface and Near-Surface ,15.0,68.88888888888889,1033.3333333333333,-2.940009021424057
,28.569210798104457,77.15419561069068,271.0,135.0,155.0,484.46666666666664,-213.0,,1.0,68.88888888888889,68.88888888888889,-2.934738841549349
,28.569221596259883,77.15349121798451,271.0,135.0,155.0,480.9396615451844,-213.0,,1.0,68.88888888888889,68.88888888888889,-2.9294686616746413
,28.56923239446618,77.15278682188747,271.0,135.0,155.0,477.4189846653941,-213.0,,1.0,68.88888888888889,68.88888888888889,-2.9241984817999334
,28.56924319272326,77.1520824224055,271.0,135.0,155.0,473.9046360570831,-213.0,,1.0,68.88888888888889,68.88888888888889,-2.9189283019252255
,28.56925399103103,77.15137801954457,271.0,135.0,155.0,470.39661574998524,-213.0,,1.0,68.88888888888889,68.88888888888889,-2.9136581220505176
,28.5692647893894,77.15067361331062,271.0,135.0,155.0,466.89492377378076,-213.0,,1.0,68.88888888888889,68.88888888888889,-2.9083879421758096
,28.56927558779828,77.14996920370962,271.0,135.0,155.0,463.39956015809634,-213.0,,1.0,68.88888888888889,68.88888888888889,-2.9031177623011017
,28.569286386257573,77.14926479074752,271.0,135.0,155.0,459.9105249325052,-213.0,,1.0,68.88888888888889,68.88888888888889,-2.897847582426394
,28.56929718476719,77.14856037443029,271.0,135.0,155.0,456.427818126527,-213.0,,1.0,68.88888888888889,68.88888888888889,-2.892577402551686
,28.569307983327043,77.1478559547639,271.0,135.0,155.0,452.9514397696277,-213.0,,1.0,68.88888888888889,68.88888888888889,-2.887307222676978
,28.569318781937035,77.14715153175429,271.0,135.0,155.0,449.48138989122,-213.0,,1.0,68.88888888888889,68.88888888888889,-2.88203704280227
,28.56932958059708,77.14644710540742,271.0,135.0,155.0,446.0176685206628,-213.0,,1.0,68.88888888888889,68.88888888888889,-2.8767668629275622
,28.569340379307086,77.14574267572924,271.0,135.0,155.0,442.56027568726165,-213.0,,1.0,68.88888888888889,68.88888888888889,-2.8714966830528543
,28.56935117806696,77.14503824272573,271.0,135.0,155.0,439.1092114202684,-213.0,,1.0,68.88888888888889,68.88888888888889,-2.8662265031781464
,28.569361976876607,77.14433380640284,271.0,135.0,155.0,435.66447574888144,-213.0,,1.0,68.88888888888889,68.88888888888889,-2.8609563233034385
,28.569372775735943,77.14362936676652,271.0,135.0,155.0,432.2260687022456,-213.0,,1.0,68.88888888888889,68.88888888888889,-2.8556861434287306
,28.569383574644874,77.14292492382275,271.0,135.0,155.0,428.79399030945217,-213.0,,1.0,68.88888888888889,68.88888888888889,-2.8504159635540227
,28.569394373603306,77.14222047757747,271.0,135.0,155.0,425.3682405995389,-213.0,,1.0,68.88888888888889,68.88888888888889,-2.845145783679315
,28.56940517261115,77.14151602803665,271.0,135.0,155.0,421.94881960149,-213.0,,1.0,68.88888888888889,68.88888888888889,-2.839875603804607
,28.569415971668317,77.14081157520626,271.0,135.0,155.0,418.5357273442361,-213.0,,1.0,68.88888888888889,68.88888888888889,-2.834605423929899
,28.569426770774708,77.14010711909224,271.0,135.0,155.0,415.12896385665425,-213.0,,1.0,68.88888888888889,68.88888888888889,-2.829335244055191
,28.569437569930237,77.13940265970054,271.0,135.0,155.0,411.72852916756807,-213.0,,1.0,68.88888888888889,68.88888888888889,-2.824065064180483
,28.569448369134815,77.13869819703713,271.0,135.0,155.0,408.3344233057476,-213.0,,1.0,68.88888888888889,68.88888888888889,-2.8187948843057753
,28.569459168388345,77.13799373110798,271.0,135.0,155.0,404.9466462999092,-213.0,,1.0,68.88888888888889,68.88888888888889,-2.8135247044310674
,28.56946996769074,77.13728926191905,271.0,135.0,155.0,401.5651981787159,-213.0,,1.0,68.88888888888889,68.88888888888889,-2.8082545245563595
,28.569480767041906,77.13658478947627,271.0,135.0,155.0,398.190078970777,-213.0,,1.0,68.88888888888889,68.88888888888889,-2.8029843446816516
,28.56949156644175,77.13588031378565,271.0,135.0,155.0,394.82128870464834,-213.0,,1.0,68.88888888888889,68.88888888888889,-2.7977141648069437
,28.569502365890187,77.1351758348531,271.0,135.0,155.0,391.45882740883224,-213.0,,1.0,68.88888888888889,68.88888888888889,-2.792443984932236
,28.569513165387118,77.1344713526846,271.0,135.0,155.0,388.1026951117774,-213.0,,1.0,68.88888888888889,68.88888888888889,-2.787173805057528
,28.569523964932458,77.13376686728611,271.0,135.0,155.0,384.752891841879,-213.0,,1.0,68.88888888888889,68.88888888888889,-2.78190362518282
,28.569534764526114,77.13306237866358,271.0,135.0,155.0,381.40941762747866,-213.0,,1.0,68.88888888888889,68.88888888888889,-2.776633445308112
,28.569545564167992,77.13235788682297,271.0,135.0,155.0,378.0722724968645,-213.0,,1.0,68.88888888888889,68.88888888888889,-2.771363265433404
,28.569556363858005,77.13165339177026,271.0,135.0,155.0,374.74145647827106,-213.0,,1.0,68.88888888888889,68.88888888888889,-2.7660930855586963
,28.56956716359606,77.13094889351139,271.0,135.0,155.0,371.41696959987934,-213.0,,1.0,68.88888888888889,68.88888888888889,-2.7608229056839884
,28.56957796338206,77.13024439205233,271.0,135.0,155.0,368.0988118898167,-213.0,,1.0,68.88888888888889,68.88888888888889,-2.7555527258092805
,28.56958876321592,77.12953988739902,271.0,135.0,155.0,364.78698337615714,-213.0,,1.0,68.88888888888889,68.88888888888889,-2.7502825459345726
,28.569599563097547,77.12883537955744,271.0,135.0,155.0,361.48148408692094,-213.0,,1.0,68.88888888888889,68.88888888888889,-2.7450123660598647
,28.569610363026847,77.12813086853356,271.0,135.0,155.0,358.1823140500749,-213.0,,1.0,68.88888888888889,68.88888888888889,-2.7397421861851567
,28.56962116300373,77.12742635433332,271.0,135.0,155.0,354.8894732935323,-213.0,,1.0,68.88888888888889,68.88888888888889,-2.734472006310449
,28.56963196302811,77.12672183696267,271.0,135.0,155.0,351.60296184515283,-213.0,,1.0,68.88888888888889,68.88888888888889,-2.729201826435741
,28.569642763099893,77.12601731642758,271.0,135.0,155.0,348.3227797327426,-213.0,,1.0,68.88888888888889,68.88888888888889,-2.723931646561033
,28.569653563218985,77.12531279273404,271.0,135.0,155.0,345.0489269840542,-213.0,,1.0,68.88888888888889,68.88888888888889,-2.718661466686325
,28.569664363385296,77.12460826588796,271.0,135.0,155.0,341.7814036267867,-213.0,,1.0,68.88888888888889,68.88888888888889,-2.7133912868116172
,28.56967516359873,77.12390373589533,271.0,135.0,155.0,338.52020968858557,-213.0,,1.0,68.88888888888889,68.88888888888889,-2.7081211069369093
,28.569685963859204,77.1231992027621,271.0,135.0,155.0,335.2653451970428,-213.0,,1.0,68.88888888888889,68.88888888888889,-2.7028509270622014
,28.56969676416662,77.12249466649422,271.0,135.0,155.0,332.0168101796967,-213.0,,1.0,68.88888888888889,68.88888888888889,-2.6975807471874935
,28.569707564520883,77.12179012709767,271.0,135.0,155.0,328.77460466403215,-213.0,,1.0,68.88888888888889,68.88888888888889,-2.6923105673127856
,28.569718364921915,77.1210855845784,271.0,135.0,155.0,325.53872867748044,-213.0,,1.0,68.88888888888889,68.88888888888889,-2.6870403874380777
,28.569729165369615,77.12038103894237,271.0,135.0,155.0,322.3091822474193,-213.0,,1.0,68.88888888888889,68.88888888888889,-2.68177020756337
,28.569739965863892,77.11967649019554,271.0,135.0,155.0,319.08596540117287,-213.0,,1.0,68.88888888888889,68.88888888888889,-2.676500027688662
,28.569750766404656,77.11897193834389,271.0,135.0,155.0,315.86907816601183,-213.0,,1.0,68.88888888888889,68.88888888888889,-2.671229847813954
,28.56976156699182,77.11826738339336,271.0,135.0,155.0,312.65852056915327,-213.0,,1.0,68.88888888888889,68.88888888888889,-2.665959667939246
,28.569772367625287,77.1175628253499,271.0,135.0,155.0,309.45429263776066,-213.0,,1.0,68.88888888888889,68.88888888888889,-2.660689488064538
,28.56978316830497,77.1168582642195,271.0,135.0,155.0,306.256394398944,-213.0,,1.0,68.88888888888889,68.88888888888889,-2.6554193081898303
,28.569793969030773,77.1161537000081,271.0,135.0,155.0,303.06482587975967,-213.0,,1.0,68.88888888888889,68.88888888888889,-2.6501491283151224
,28.569804769802605,77.11544913272165,271.0,135.0,155.0,299.87958710721057,-213.0,,1.0,68.88888888888889,68.88888888888889,-2.6448789484404145
,28.569815570620378,77.11474456236611,271.0,135.0,155.0,296.700678108246,-213.0,,1.0,68.88888888888889,68.88888888888889,-2.6396087685657066
,28.569826371483998,77.11403998894747,271.0,135.0,155.0,293.5280989097617,-213.0,,1.0,68.88888888888889,68.88888888888889,-2.6343385886909987
,28.569837172393374,77.11333541247166,271.0,135.0,155.0,290.36184953859987,-213.0,,1.0,68.88888888888889,68.88888888888889,-2.629068408816291
,28.569847973348416,77.11263083294465,271.0,135.0,155.0,287.2019300215491,-213.0,,1.0,68.88888888888889,68.88888888888889,-2.623798228941583
,28.56985877434903,77.1119262503724,271.0,135.0,155.0,284.0483403853446,-213.0,,1.0,68.88888888888889,68.88888888888889,-2.618528049066875
,28.569869575395128,77.11122166476088,271.0,135.0,155.0,280.90108065666783,-213.0,,1.0,68.88888888888889,68.88888888888889,-2.613257869192167
,28.569880376486616,77.11051707611605,271.0,135.0,155.0,277.76015086214676,-213.0,,1.0,68.88888888888889,68.88888888888889,-2.607987689317459
,28.569891177623404,77.10981248444386,271.0,135.0,155.0,274.6255510283558,-213.0,,1.0,68.88888888888889,68.88888888888889,-2.6027175094427513
,28.5699019788054,77.10910788975028,271.0,135.0,155.0,271.4972811818159,-213.0,,1.0,68.88888888888889,68.88888888888889,-2.5974473295680434
,28.569912780032514,77.10840329204126,271.0,135.0,155.0,268.37534134899425,-213.0,,1.0,68.88888888888889,68.88888888888889,-2.5921771496933355
,28.56992358130465,77.10769869132277,271.0,135.0,155.0,265.2597315563047,-213.0,,1.0,68.88888888888889,68.88888888888889,-2.5869069698186276
,28.56993438262172,77.10699408760075,271.0,135.0,155.0,262.15045183010744,-213.0,,1.0,68.88888888888889,68.88888888888889,-2.5816367899439197
,28.569945183983634,77.10628948088119,271.0,135.0,155.0,259.0475021967091,-213.0,,1.0,68.88888888888889,68.88888888888889,-2.5763666100692117
,28.569955985390298,77.10558487117002,271.0,135.0,155.0,255.95088268236273,-213.0,,1.0,68.88888888888889,68.88888888888889,-2.571096430194504
,28.569966786841626,77.10488025847324,271.0,135.0,155.0,252.86059331326788,-213.0,,1.0,68.88888888888889,68.88888888888889,-2.565826250319796
,28.569977588337522,77.10417564279678,271.0,135.0,155.0,249.77663411557054,-213.0,,1.0,68.88888888888889,68.88888888888889,-2.560556070445088
,28.569988389877892,77.1034710241466,271.0,135.0,155.0,246.6990051153631,-213.0,,1.0,68.88888888888889,68.88888888888889,-2.55528589057038
,28.569998661596916,77.10280096735015,271.0,135.0,139.5,246.6990051153631,-213.0,,1.0,62.0,65.44444444444444,0.0
,28.570007852082362,77.10220144278954,271.0,135.0,124.0,246.6990051153631,-213.0,,1.0,55.111111111111114,58.55555555555556,0.0
,28.570015961334228,77.10167245048396,271.0,135.0,108.50000000000001,246.6990051153631,-213.0,,1.0,48.22222222222223,51.66666666666667,0.0
,28.57002298935251,77.10121399045046,271.0,135.0,93.00000000000003,246.6990051153631,-213.0,,1.0,41.33333333333334,44.777777777777786,0.0
,28.57002893613721,77.1008260627039,271.0,135.0,77.50000000000003,246.6990051153631,-213.0,,1.0,34.44444444444446,37.8888888888889,0.0
,28.57003380168833,77.10050866725696,271.0,135.0,62.00000000000003,246.6990051153631,-213.0,,1.0,27.555555555555568,31.000000000000014,0.0
,28.570037586005867,77.10026180412015,271.0,135.0,46.50000000000003,246.6990051153631,-213.0,,1.0,20.66666666666668,24.111111111111125,0.0
,28.57004028908982,77.10008547330179,271.0,135.0,31.000000000000025,246.6990051153631,-213.0,,1.0,13.77777777777779,17.222222222222236,0.0
,28.570041910940194,77.09997967480807,271.0,135.0,15.500000000000027,246.6990051153631,-213.0,,1.0,6.888888888888901,10.333333333333345,0.0
,28.570042451556986,77.09994440864294,271.0,135.0,2.7977620220553945e-14,246.6990051153631,-213.0,,1.0,1.2434497875801753e-14,3.4444444444444566,0.0
